<?xml version="1.0" encoding="UTF-8"?>
<beans xmlns="http://www.springframework.org/schema/beans" xmlns:xsi="http://www.w3.org/2001/XMLSchema-instance" xmlns:dubbo="http://code.alibabatech.com/schema/dubbo" xsi:schemaLocation="http://www.springframework.org/schema/beans http://www.springframework.org/schema/beans/spring-beans.xsd http://code.alibabatech.com/schema/dubbo http://code.alibabatech.com/schema/dubbo/dubbo.xsd">

    <dubbo:application name="dtb-consultation-service-provider" owner="programmer" organization="dubbox"/>

	<!-- 使用zookeeper注册中心暴露服务地址 --> 
    <dubbo:registry address="zookeeper://127.0.0.1:2181"/>
	<!-- <dubbo:registry address="zookeeper://zk1:2181?backup=zk2:2181,zk3:2181" /> -->
    <!-- 设置连接时间 -->
	<dubbo:provider delay="-1" timeout="60000" retries="0"/>
	<!-- 设置接口端口 -->
    <dubbo:protocol name="dubbo" port="20881" serialization="kryo"/>
	<!-- rest -->
	<!-- <dubbo:annotation package="com.dtb.consultation.service" /> -->
   <!--  <dubbo:protocol name="rest" server="tomcat" port="8888" contextpath="provider" accepts="500" /> -->
	<!-- 要暴露的服务接口(以及方法)，这里我全部暴露了 -->
    <dubbo:service interface="com.dtb.consultation.api.service.ConsultationService" ref="consultationService" protocol="dubbo" />
    
    <bean id="consultationService" class="com.dtb.consultation.service.impl.ConsultationServiceImpl"/>

</beans>