<?xml version="1.0" encoding="UTF-8"?>
<beans xmlns="http://www.springframework.org/schema/beans"
	xmlns:xsi="http://www.w3.org/2001/XMLSchema-instance"
	xsi:schemaLocation="http://www.springframework.org/schema/beans
      http://www.springframework.org/schema/beans/spring-beans-3.0.xsd ">

	<bean id="jedisPoolConfig" class="redis.clients.jedis.JedisPoolConfig">
		<property name="maxIdle" value="50"></property>
		<property name="maxTotal" value="1024"></property>
		<property name="maxWaitMillis" value="3000"></property>
    	<property name="minEvictableIdleTimeMillis" value="300000"></property>
    	<property name="numTestsPerEvictionRun" value="3"></property>
    	<property name="timeBetweenEvictionRunsMillis" value="60000"></property>
  	</bean>

    <bean id="jedisConnFactory" class="org.springframework.data.redis.connection.jedis.JedisConnectionFactory" >
          <property name="poolConfig" ref="jedisPoolConfig"></property>
          <property name="usePool" value="true"></property>
          <property name="hostName" value="${redis.host}"></property>
          <property name="port" value="${redis.port}"></property>
          <property name="password" value="${redis.password}"></property>
          <property name="database" value="0"></property>
    </bean>
    <bean id="jedisConnFactory1" class="org.springframework.data.redis.connection.jedis.JedisConnectionFactory" >
          <property name="poolConfig" ref="jedisPoolConfig"></property>
          <property name="usePool" value="true"></property>
          <property name="hostName" value="${redis.host}"></property>
          <property name="port" value="${redis.port}"></property>
          <property name="password" value="${redis.password}"></property>
          <property name="database" value="1"></property>
    </bean>
    <bean id="jedisConnFactory2" class="org.springframework.data.redis.connection.jedis.JedisConnectionFactory" >
          <property name="poolConfig" ref="jedisPoolConfig"></property>
          <property name="usePool" value="true"></property>
          <property name="hostName" value="${redis.host}"></property>
          <property name="port" value="${redis.port}"></property>
          <property name="password" value="${redis.password}"></property>
          <property name="database" value="2"></property>
    </bean>
    <bean id="jedisConnFactory3" class="org.springframework.data.redis.connection.jedis.JedisConnectionFactory" >
          <property name="poolConfig" ref="jedisPoolConfig"></property>
          <property name="usePool" value="true"></property>
          <property name="hostName" value="${redis.host}"></property>
          <property name="port" value="${redis.port}"></property>
          <property name="password" value="${redis.password}"></property>
          <property name="database" value="3"></property>
    </bean>
    <bean id="jedisConnFactory4" class="org.springframework.data.redis.connection.jedis.JedisConnectionFactory" >
          <property name="poolConfig" ref="jedisPoolConfig"></property>
          <property name="usePool" value="true"></property>
          <property name="hostName" value="${redis.host}"></property>
          <property name="port" value="${redis.port}"></property>
          <property name="password" value="${redis.password}"></property>
          <property name="database" value="4"></property>
    </bean>
    <bean id="jedisConnFactory5" class="org.springframework.data.redis.connection.jedis.JedisConnectionFactory" >
          <property name="poolConfig" ref="jedisPoolConfig"></property>
          <property name="usePool" value="true"></property>
          <property name="hostName" value="${redis.host}"></property>
          <property name="port" value="${redis.port}"></property>
          <property name="password" value="${redis.password}"></property>
          <property name="database" value="5"></property>
    </bean>
    
    <!-- key和value都使用String类型 -->
    <bean id="stringRedisTemplate" class="org.springframework.data.redis.core.StringRedisTemplate" scope="prototype"   >
          <property name="connectionFactory" ref="jedisConnFactory"/>
     </bean>
            
<!-- 	<bean id="redisTemplate" class="org.springframework.data.redis.core.RedisTemplate" scope="singleton">  
        <property name="connectionFactory" ref="jedisConnFactory"></property>  
        <property name="keySerializer">  
            <bean class="org.springframework.data.redis.serializer.StringRedisSerializer"/>  
        </property>  
    </bean> -->
    <bean id="redisOperate" class="com.dtb.member.redis.RedisOperate" scope="singleton"></bean>
    	<bean id ="configEncap" class="com.dtb.member.redis.encap.ConfigEncap" autowire="byName"  scope="singleton"/>
   	<bean id ="cacheEncap" class="com.dtb.member.redis.encap.CacheEncap" autowire="byName"  scope="singleton"/>
</beans>