<?xml version="1.0" encoding="UTF-8"?>
<!-- 查找最新的schemaLocation 访问 http://www.springframework.org/schema/ -->
<beans xmlns="http://www.springframework.org/schema/beans"
	xmlns:xsi="http://www.w3.org/2001/XMLSchema-instance" xmlns:amq="http://activemq.apache.org/schema/core"
	xmlns:jms="http://www.springframework.org/schema/jms"
	xmlns:tx="http://www.springframework.org/schema/tx"
	xsi:schemaLocation="http://www.springframework.org/schema/beans   
		http://www.springframework.org/schema/beans/spring-beans-3.2.xsd
		http://www.springframework.org/schema/jms
		http://www.springframework.org/schema/jms/spring-jms-4.1.xsd
		http://activemq.apache.org/schema/core
		http://activemq.apache.org/schema/core/activemq-core-5.8.0.xsd
		http://www.springframework.org/schema/tx 
        http://www.springframework.org/schema/tx/spring-tx-4.1.xsd">

	<!-- ActiveMQ 连接工厂 -->
	<!-- 真正可以产生Connection的ConnectionFactory，由对应的 JMS服务厂商提供 -->
	<!-- 如果连接网络：tcp://ip:61616；未连接网络：tcp://localhost:61616 以及用户名，密码 -->
	<bean id="targetConnectionFactory" class="org.apache.activemq.ActiveMQConnectionFactory">
		<property name="brokerURL" value="tcp://localhost:61616" />
	</bean>
	<!-- Spring Caching连接工厂 -->
	<!-- Spring用于管理真正的ConnectionFactory的ConnectionFactory -->
	<bean id="connectionFactory" class="org.apache.activemq.pool.PooledConnectionFactory">
		<!-- 目标ConnectionFactory对应真实的可以产生JMS Connection的ConnectionFactory -->
		<property name="connectionFactory" ref="targetConnectionFactory"></property>
		<!-- 线程池 -->
		<property name="maxConnections" value="10"/>
	</bean>

	<!-- Spring JmsTemplate 的消息生产者 start -->
	<!-- 定义JmsTemplate的Queue类型 -->
	 <bean id="jmsQueueTemplate" class="org.springframework.jms.core.JmsTemplate">
		<!-- 这个connectionFactory对应的是我们定义的Spring提供的那个ConnectionFactory对象 -->
		<constructor-arg ref="connectionFactory" />
		<!-- 非pub/sub模型（发布/订阅），即队列模式 -->
		<property name="pubSubDomain" value="false" />
		<property name="defaultDestination" ref="destination"/>
		<property name="deliveryMode" value="2"/>
	</bean> 
	<!-- 定义目标队列 与类型 ：队列 -->
	<bean id="destination" class="org.apache.activemq.command.ActiveMQQueue">
		<constructor-arg index="0" value="MyQueue" />
	</bean> 
	
	<!-- 消息消费者 start -->
	<bean id="consumerMessageListener" class="com.dtb.member.activemq.TopicConsumerMessageListener" />
	<bean id="queueReceiver1" class="com.dtb.member.activemq.QueueReceiver1"/>
	<!-- 定义Queue监听器 1 -->
	<bean id="listenerContainer" class="org.springframework.jms.listener.DefaultMessageListenerContainer">
        <property name="connectionFactory" ref="connectionFactory" />
        <property name="messageListener" ref="queueReceiver1" />
        <property name="destination" ref="destination" />
        <property name="sessionTransacted" value="true" />
        <property name="transactionManager" ref="jmsTransactionManager" />
    </bean>
	<!-- 定义Queue监听器 2 -->
	<bean id="listenerContainer2" class="org.springframework.jms.listener.DefaultMessageListenerContainer">
        <property name="connectionFactory" ref="connectionFactory" />
        <property name="messageListener" ref="consumerMessageListener" />
        <property name="destination" ref="destination" />
        <property name="sessionTransacted" value="true" />
        <property name="transactionManager" ref="jmsTransactionManager" />
    </bean>
	<!-- 消息消费者 end -->


	<!-- 事务配置 -->
	<bean id="jmsTransactionManager"   class="org.springframework.jms.connection.JmsTransactionManager">  
        <property name="connectionFactory" ref="connectionFactory" />  
    </bean>  
    <tx:annotation-driven transaction-manager="jmsTransactionManager" />  
</beans>    