<?xml version="1.0" encoding="UTF-8"?>
<beans xmlns="http://www.springframework.org/schema/beans"
	xmlns:xsi="http://www.w3.org/2001/XMLSchema-instance" 
	xmlns:aop="http://www.springframework.org/schema/aop"
	xmlns:tx="http://www.springframework.org/schema/tx" 
	xmlns:context="http://www.springframework.org/schema/context"
	xmlns:task="http://www.springframework.org/schema/task"
	xsi:schemaLocation="http://www.springframework.org/schema/beans
        http://www.springframework.org/schema/beans/spring-beans-3.2.xsd
        http://www.springframework.org/schema/tx
        http://www.springframework.org/schema/tx/spring-tx.xsd
        http://www.springframework.org/schema/aop
        http://www.springframework.org/schema/aop/spring-aop.xsd
        http://www.springframework.org/schema/context
        http://www.springframework.org/schema/context/spring-context.xsd
        http://www.springframework.org/schema/task  
        http://www.springframework.org/schema/task/spring-task-3.0.xsd">
    <!-- 分布式注解扫描器皿 -->
	<bean id="annotationConfiguration" class="com.dtb.distributed.transaction.core.AnnotationConfiguration" >
		<!-- 使用分布式注解扫描包 -->
		<constructor-arg value="com.dtb.service.impl"/>
		<!-- activeMq链接源 -->
		<constructor-arg ref="targetConnectionFactory"/>
		<!-- 基准接收处理器 -->
		<constructor-arg ref="baseReceiver"/>
		<!-- active事务 -->
		<constructor-arg ref="jmsTransactionManager"/>
	</bean>
	<!-- 分布式事务aop处理bean -->
	<bean id="disTransactionAop" class="com.dtb.distributed.aop.DisTransactionAop"></bean>
	<aop:config>
	<!-- 8.分布式事务／AOP -->
		<aop:aspect ref="disTransactionAop">
	    	<aop:around method="surroundTransaction" pointcut-ref="mypointer"/>
	    </aop:aspect>
	</aop:config>
	<!-- task处理 -->
	<task:annotation-driven scheduler="qbScheduler" mode="proxy" />
	<task:scheduler id="qbScheduler" pool-size="10" />
</beans>