<?xml version="1.0" encoding="UTF-8"?>
<beans xmlns="http://www.springframework.org/schema/beans"
    xmlns:mvc="http://www.springframework.org/schema/mvc"
    xmlns:xsi="http://www.w3.org/2001/XMLSchema-instance"
    xmlns:context="http://www.springframework.org/schema/context"
    xsi:schemaLocation="
        http://www.springframework.org/schema/beans
        http://www.springframework.org/schema/beans/spring-beans.xsd
        http://www.springframework.org/schema/mvc
        http://www.springframework.org/schema/mvc/spring-mvc.xsd
        http://www.springframework.org/schema/context
        http://www.springframework.org/schema/context/spring-context.xsd">
		<!-- 注解驱动 -->
        <mvc:annotation-driven/>
        <!-- 扫描 -->
        <context:component-scan base-package="com.dtb.controller"></context:component-scan>
        <!-- 视图解析器 -->
        <bean id="viewResolver" class="org.springframework.web.servlet.view.InternalResourceViewResolver">
        	<property name="prefix" value="/WEB-INF/jsp/"></property>
        	<property name="suffix" value=".jsp"></property>
        </bean>
        <!-- 图片上传 -->
        <bean id="multipartResolver" class="org.springframework.web.multipart.commons.CommonsMultipartResolver">
        	<property name="maxUploadSize" value="10000000"></property>
        	<property name="defaultEncoding" value="utf-8"></property>
        </bean>
        <!-- 设置静态资源,让SpringMVC不处理 -->
        <mvc:resources location="/WEB-INF/css/" mapping="/css/**"/>
        <mvc:resources location="/WEB-INF/js/" mapping="/js/**"/>
        <mvc:resources location="/WEB-INF/images/" mapping="/images/**"/>
        <mvc:resources location="/WEB-INF/common/" mapping="/common/**"/>
</beans>
