<?xml version="1.0" encoding="UTF-8"?>
<beans xmlns="http://www.springframework.org/schema/beans"
	xmlns:xsi="http://www.w3.org/2001/XMLSchema-instance" xmlns:aop="http://www.springframework.org/schema/aop"
	xmlns:tx="http://www.springframework.org/schema/tx" xmlns:context="http://www.springframework.org/schema/context"
	xsi:schemaLocation="http://www.springframework.org/schema/beans
        http://www.springframework.org/schema/beans/spring-beans.xsd
        http://www.springframework.org/schema/tx
        http://www.springframework.org/schema/tx/spring-tx.xsd
        http://www.springframework.org/schema/aop
        http://www.springframework.org/schema/aop/spring-aop.xsd
        http://www.springframework.org/schema/context
        http://www.springframework.org/schema/context/spring-context.xsd">
	<!-- 1. 扫描注解 -->
	<context:component-scan
		base-package="com.dtb.service.impl,com.dtb.mapper"></context:component-scan>

	<!-- Spring中加载properties文件的类 -->
	<context:property-placeholder location="classpath:*.properties" />

	<!-- 2. 创建数据库源 -->
	<bean id="dataSource"
		class="org.springframework.jdbc.datasource.DriverManagerDataSource">
		<property name="driverClassName" value="com.mysql.jdbc.Driver"></property>
		<property name="url" value="jdbc:mysql://localhost:3306/web?characterEncoding=utf-8"></property>
		<property name="username" value="root"></property>
		<property name="password" value="000000"></property>
	</bean>
	<!-- 3.实例化SqlSessionFactory -->
	<bean id="sessionFactory" class="org.mybatis.spring.SqlSessionFactoryBean">
		<property name="configLocation" value="classpath:mybatis-config.xml"></property>
		<property name="dataSource" ref="dataSource"></property>
		<!-- 自动扫描entity目录, 省掉Configuration.xml里的手工配置 -->
		<property name="mapperLocations" value="classpath:mapper/*.xml" />
	</bean>
	<!-- 4.映射扫描器 -->
	<bean class="org.mybatis.spring.mapper.MapperScannerConfigurer">
		<property name="basePackage" value="com.dtb.mapper"></property>
		<property name="sqlSessionFactoryBeanName" value="sessionFactory"></property>
	</bean>
	<!-- 5.事务管理器 -->
	<bean id="txManage"
		class="org.springframework.jdbc.datasource.DataSourceTransactionManager">
		<property name="dataSource" ref="dataSource"></property>
	</bean>
	<!-- 6. 声明式事务 -->
	<tx:advice id="txAdvice" transaction-manager="txManage">
		<tx:attributes>
			<!--定义查询方法都是只读的 -->
			<tx:method name="query*" read-only="true" />
			<tx:method name="find*" read-only="true" />
			<tx:method name="get*" read-only="true" />
			<tx:method name="select*" read-only="true" />
			<tx:method name="*" propagation="REQUIRED"  rollback-for="Exception"/>
		</tx:attributes>
	</tx:advice>
	<!-- 7.配置AOP切面 -->
	<aop:config>
		<aop:pointcut expression="execution(* com.dtb.service.impl.*.*(..))"
			id="mypointer" />
		<aop:advisor advice-ref="txAdvice" pointcut-ref="mypointer" />
	</aop:config>
</beans>