<?xml version="1.0" encoding="UTF-8"?>
<!DOCTYPE configuration
  PUBLIC "-//mybatis.org//DTD Config 3.0//EN"
  "http://mybatis.org/dtd/mybatis-3-config.dtd">
<configuration>
	<!-- 开启log4j日志 -->
	<settings>
		<setting name="logImpl" value="LOG4J" />
	</settings>
	<!-- 设置所有实体类别名 -->
	<typeAliases>
		<package name="com.dtb.entity" />
	</typeAliases>
	<plugins>
		<plugin interceptor="com.github.pagehelper.PageHelper">
			<!-- 可取值 mysql, mariadb, sqlite, oracle, hsqldb, postgresql -->
			<property name="dialect" value="mysql" />
		</plugin>
	</plugins>
</configuration>
