<beans xmlns="http://www.springframework.org/schema/beans"
	xmlns:xsi="http://www.w3.org/2001/XMLSchema-instance" xmlns:tx="http://www.springframework.org/schema/tx"
	xmlns:aop="http://www.springframework.org/schema/aop"
	xsi:schemaLocation=" http://www.springframework.org/schema/beans http://www.springframework.org/schema/beans/spring-beans-4.1.xsd http://www.springframework.org/schema/tx http://www.springframework.org/schema/tx/spring-tx-4.1.xsd http://www.springframework.org/schema/aop http://www.springframework.org/schema/aop/spring-aop-4.1.xsd ">
	<!-- 配置读写数据源ReadAndWrite 使用的是Druid数据源 -->
	<bean name="dataSource" class="com.alibaba.druid.pool.DruidDataSource"
		init-method="init" destroy-method="close">
		<property name="url" value="${master.url}" />
		<property name="username" value="${master.username}" />
		<property name="password" value="${master.password}" />
		<!-- <property name="driverClassName" value="com.mysql.jdbc.ReplicationDriver"></property> -->
		<!-- 初始化连接大小 -->
		<property name="initialSize" value="2" />
		<!-- 连接池最大使用连接数量 -->
		<property name="maxActive" value="20" />
		<!-- 连接池最小空闲 -->
		<property name="minIdle" value="2" />
		<!-- 获取连接最大等待时间 -->
		<property name="maxWait" value="60000" />
		<property name="poolPreparedStatements" value="true" />
		<property name="maxPoolPreparedStatementPerConnectionSize"
			value="33" />
		<!-- 用来检测有效sql -->
		<property name="validationQuery" value="${validationQuery}" />
		<property name="testOnBorrow" value="false" />
		<property name="testOnReturn" value="false" />
		<property name="testWhileIdle" value="true" />
		<!-- 配置间隔多久才进行一次检测，检测需要关闭的空闲连接，单位是毫秒 -->
		<property name="timeBetweenEvictionRunsMillis" value="60000" />
		<!-- 配置一个连接在池中最小生存的时间，单位是毫秒 -->
		<property name="minEvictableIdleTimeMillis" value="25200000" />
		<!-- 打开removeAbandoned功能 -->
		<property name="removeAbandoned" value="true" />
		<!-- 1800秒，也就是30分钟 -->
		<property name="removeAbandonedTimeout" value="1800" />
		<!-- 关闭abanded连接时输出错误日志 -->
		<property name="logAbandoned" value="true" />
		<!-- 监控数据库 -->
		<property name="filters" value="mergeStat" />
	</bean>
	<!-- 配置读取数据源Read 使用的是Druid数据源 -->
	<bean name="dataSourceReadOnly" class="com.alibaba.druid.pool.DruidDataSource"
		init-method="init" destroy-method="close">
		<property name="url" value="${slave.url}" />
		<property name="username" value="${slave.username}" />
		<property name="password" value="${slave.password}" />
		<!-- 初始化连接大小 -->
		<property name="initialSize" value="2" />
		<!-- 连接池最大使用连接数量 -->
		<property name="maxActive" value="20" />
		<!-- 连接池最小空闲 -->
		<property name="minIdle" value="2" />
		<!-- 获取连接最大等待时间 -->
		<property name="maxWait" value="60000" />
		<property name="poolPreparedStatements" value="true" />
		<property name="maxPoolPreparedStatementPerConnectionSize"
			value="33" />
		<!-- 用来检测有效sql -->
		<property name="validationQuery" value="${validationQuery}" />
		<property name="testOnBorrow" value="false" />
		<property name="testOnReturn" value="false" />
		<property name="testWhileIdle" value="true" />
		<!-- 配置间隔多久才进行一次检测，检测需要关闭的空闲连接，单位是毫秒 -->
		<property name="timeBetweenEvictionRunsMillis" value="60000" />
		<!-- 配置一个连接在池中最小生存的时间，单位是毫秒 -->
		<property name="minEvictableIdleTimeMillis" value="25200000" />
		<!-- 打开removeAbandoned功能 -->
		<property name="removeAbandoned" value="true" />
		<!-- 1800秒，也就是30分钟 -->
		<property name="removeAbandonedTimeout" value="1800" />
		<!-- 关闭abanded连接时输出错误日志 -->
		<property name="logAbandoned" value="true" />
		<!-- 监控数据库 -->
		<property name="filters" value="mergeStat" />
	</bean>
	<!-- 定义数据源，使用自己实现的数据源 -->
	<bean id="dataSourceRW" class="com.dtb.common.dataresource.DynamicDataSource">
		<!-- 设置多个数据源 -->
		<property name="targetDataSources">
			<map key-type="java.lang.String">
				<!-- 这个key需要和程序中的key一致 -->
				<entry key="master" value-ref="dataSource" />
				<entry key="slave" value-ref="dataSourceReadOnly" />
			</map>
		</property>
		<!-- 设置默认的数据源，这里默认走写库 -->
		<property name="defaultTargetDataSource" ref="dataSource" />
	</bean>
	<!-- myBatis文件 -->
	<bean id="sqlSessionFactory" class="org.mybatis.spring.SqlSessionFactoryBean">
		<property name="dataSource" ref="dataSourceRW" />
		<!-- 自动扫描entity目录, 省掉Configuration.xml里的手工配置 -->
		<property name="mapperLocations" value="classpath:mapper/*.xml" />
	</bean>
	<bean class="org.mybatis.spring.mapper.MapperScannerConfigurer">
		<property name="basePackage" value="com.dtb.consultation.mapper,com.dtb.common.mapper" />
		<property name="sqlSessionFactoryBeanName" value="sqlSessionFactory" />
	</bean>

	<!-- 配置事务管理器 -->
	<bean id="transactionManager"
		class="org.springframework.jdbc.datasource.DataSourceTransactionManager">
		<property name="dataSource" ref="dataSourceRW" />
	</bean>

	<!-- 使用annotation定义事务 -->
	<!-- <tx:annotation-driven transaction-manager="transactionManager" proxy-target-class="true" 
		/> -->
	<!-- 定义事务策略 -->
	<tx:advice id="txAdvice" transaction-manager="transactionManager">
		<tx:attributes>
			<!--定义查询方法都是只读的 -->
			<tx:method name="query*" read-only="true" />
			<tx:method name="find*" read-only="true" />
			<tx:method name="get*" read-only="true" />
			<tx:method name="select*" read-only="true" />

			<!-- 主库执行操作，事务传播行为定义为默认行为 -->
			<tx:method name="add*" propagation="REQUIRED" />
			<tx:method name="save*" propagation="REQUIRED" />
			<tx:method name="update*" propagation="REQUIRED" />
			<tx:method name="delete*" propagation="REQUIRED" />
			<tx:method name="*" propagation="REQUIRED" rollback-for="Exception" />
		</tx:attributes>
	</tx:advice>
	<!-- 定义AOP切面处理器 -->
	<bean class="com.dtb.common.dataresource.DataSourceAspect" id="dataSourceAspect" />
	<aop:config>
		<!-- 定义切面，所有的service的所有方法 -->
		<aop:pointcut id="txPointcut"
			expression="execution(* com.dtb.consultation.service.impl.*.*(..))" />
		<!-- 应用事务策略到Service切面 -->
		<aop:advisor advice-ref="txAdvice" pointcut-ref="txPointcut" />
		<!-- 将切面应用到自定义的切面处理器上，-9999保证该切面优先级最高执行 -->
		<aop:aspect ref="dataSourceAspect" order="-9999">
			<aop:before method="before" pointcut-ref="txPointcut" />
		</aop:aspect>
	</aop:config>
	<!-- 分布式注解扫描器皿 -->
	<bean id="annotationConfiguration" class="com.dtb.common.annotation.AnnotationConfiguration">
		<!-- 使用分布式注解扫描包 -->
		<constructor-arg value="com.dtb.consultation.service.impl" />
	</bean>
</beans>