<?xml version="1.0" encoding="UTF-8"?>
<!DOCTYPE mapper PUBLIC "-//mybatis.org//DTD Mapper 3.0//EN" "http://mybatis.org/dtd/mybatis-3-mapper.dtd">
<mapper namespace="com.dtb.mapper.DisTransactionMapper">
  <resultMap id="BaseResultMap" type="com.dtb.distributed.entity.DisTransaction">
    <!--
      WARNING - @mbg.generated
      This element is automatically generated by MyBatis Generator, do not modify.
    -->
    <id column="id" jdbcType="INTEGER" property="id" />
    <result column="method_path" jdbcType="VARCHAR" property="methodPath" />
    <result column="uuid" jdbcType="VARCHAR" property="uuid" />
    <result column="transaction_status" jdbcType="INTEGER" property="transactionStatus" />
    <result column="insert_time" jdbcType="TIMESTAMP" property="insertTime" />
    <result column="is_del" jdbcType="INTEGER" property="isDel" />
    <result column="file1" jdbcType="VARCHAR" property="file1" />
    <result column="file2" jdbcType="VARCHAR" property="file2" />
    <result column="file3" jdbcType="VARCHAR" property="file3" />
    <result column="broker" jdbcType="VARCHAR" property="broker" />
  </resultMap>
  <sql id="Base_Column_List">
    <!--
      WARNING - @mbg.generated
      This element is automatically generated by MyBatis Generator, do not modify.
    -->
    id, method_path, uuid, transaction_status, insert_time, is_del, file1, file2, file3,broker
  </sql>
  <select id="selectByPrimaryKey" parameterType="java.lang.Integer" resultMap="BaseResultMap">
    <!--
      WARNING - @mbg.generated
      This element is automatically generated by MyBatis Generator, do not modify.
    -->
    select 
    <include refid="Base_Column_List" />
    from dis_transaction
    where id = #{id,jdbcType=INTEGER}
  </select>
  <delete id="deleteByPrimaryKey" parameterType="java.lang.Integer">
    <!--
      WARNING - @mbg.generated
      This element is automatically generated by MyBatis Generator, do not modify.
    -->
    delete from dis_transaction
    where id = #{id,jdbcType=INTEGER}
  </delete>
  <insert id="insert" parameterType="com.dtb.distributed.entity.DisTransaction">
    <!--
      WARNING - @mbg.generated
      This element is automatically generated by MyBatis Generator, do not modify.
    -->
    insert into dis_transaction (id, method_path, uuid, 
      transaction_status, insert_time, is_del, 
      file1, file2, file3,broker
      )
    values (#{id,jdbcType=INTEGER}, #{methodPath,jdbcType=VARCHAR}, #{uuid,jdbcType=VARCHAR}, 
      #{transactionStatus,jdbcType=INTEGER}, #{insertTime,jdbcType=TIMESTAMP}, #{isDel,jdbcType=INTEGER}, 
      #{file1,jdbcType=VARCHAR}, #{file2,jdbcType=VARCHAR}, #{file3,jdbcType=VARCHAR},#{broker,jdbcType=VARCHAR}
      )
  </insert>
  <insert id="insertSelective" parameterType="com.dtb.distributed.entity.DisTransaction" useGeneratedKeys="true" keyProperty="id">
    <!--
      WARNING - @mbg.generated
      This element is automatically generated by MyBatis Generator, do not modify.
    -->
    insert into dis_transaction
    <trim prefix="(" suffix=")" suffixOverrides=",">
      <if test="id != null">
        id,
      </if>
      <if test="methodPath != null">
        method_path,
      </if>
      <if test="uuid != null">
        uuid,
      </if>
      <if test="transactionStatus != null">
        transaction_status,
      </if>
      <if test="insertTime != null">
        insert_time,
      </if>
      <if test="isDel != null">
        is_del,
      </if>
      <if test="file1 != null">
        file1,
      </if>
      <if test="file2 != null">
        file2,
      </if>
      <if test="file3 != null">
        file3,
      </if>
      <if test="broker != null">
        broker,
      </if>
    </trim>
    <trim prefix="values (" suffix=")" suffixOverrides=",">
      <if test="id != null">
        #{id,jdbcType=INTEGER},
      </if>
      <if test="methodPath != null">
        #{methodPath,jdbcType=VARCHAR},
      </if>
      <if test="uuid != null">
        #{uuid,jdbcType=VARCHAR},
      </if>
      <if test="transactionStatus != null">
        #{transactionStatus,jdbcType=INTEGER},
      </if>
      <if test="insertTime != null">
        #{insertTime,jdbcType=TIMESTAMP},
      </if>
      <if test="isDel != null">
        #{isDel,jdbcType=INTEGER},
      </if>
      <if test="file1 != null">
        #{file1,jdbcType=VARCHAR},
      </if>
      <if test="file2 != null">
        #{file2,jdbcType=VARCHAR},
      </if>
      <if test="file3 != null">
        #{file3,jdbcType=VARCHAR},
      </if>
      <if test="broker != null">
        #{broker,jdbcType=VARCHAR}
      </if>
    </trim>
  </insert>
  <update id="updateByPrimaryKeySelective" parameterType="com.dtb.distributed.entity.DisTransaction">
    <!--
      WARNING - @mbg.generated
      This element is automatically generated by MyBatis Generator, do not modify.
    -->
    update dis_transaction
    <set>
      <if test="methodPath != null">
        method_path = #{methodPath,jdbcType=VARCHAR},
      </if>
      <if test="uuid != null">
        uuid = #{uuid,jdbcType=VARCHAR},
      </if>
      <if test="transactionStatus != null">
        transaction_status = #{transactionStatus,jdbcType=INTEGER},
      </if>
      <if test="insertTime != null">
        insert_time = #{insertTime,jdbcType=TIMESTAMP},
      </if>
      <if test="isDel != null">
        is_del = #{isDel,jdbcType=INTEGER},
      </if>
      <if test="file1 != null">
        file1 = #{file1,jdbcType=VARCHAR},
      </if>
      <if test="file2 != null">
        file2 = #{file2,jdbcType=VARCHAR},
      </if>
      <if test="file3 != null">
        file3 = #{file3,jdbcType=VARCHAR},
      </if>
      <if test="broker != null">
        broker = #{broker,jdbcType=VARCHAR}
      </if>
    </set>
    where id = #{id,jdbcType=INTEGER}
  </update>
  <update id="updateByPrimaryKey" parameterType="com.dtb.distributed.entity.DisTransaction">
    <!--
      WARNING - @mbg.generated
      This element is automatically generated by MyBatis Generator, do not modify.
    -->
    update dis_transaction
    set method_path = #{methodPath,jdbcType=VARCHAR},
      uuid = #{uuid,jdbcType=VARCHAR},
      transaction_status = #{transactionStatus,jdbcType=INTEGER},
      insert_time = #{insertTime,jdbcType=TIMESTAMP},
      is_del = #{isDel,jdbcType=INTEGER},
      file1 = #{file1,jdbcType=VARCHAR},
      file2 = #{file2,jdbcType=VARCHAR},
      file3 = #{file3,jdbcType=VARCHAR},
      broker = #{broker,jdbcType=VARCHAR}
    where id = #{id,jdbcType=INTEGER}
  </update>
  <select id="selectTransactionByStatus" parameterType="java.lang.Integer" resultMap="BaseResultMap">
  	 select 
    <include refid="Base_Column_List" />
    from dis_transaction
    where transaction_status = #{status}
  </select>
  <update id="confirmTransaction" parameterType="com.dtb.distributed.entity.TransactionFiles" >
  	update dis_transaction set
  	transaction_status = 1
    <if test="file1 != null">
    	,file1 = #{file1,jdbcType=VARCHAR}
    </if>
    <if test="file2 != null">
    	,file2 = #{file2,jdbcType=VARCHAR}
    </if>
    <if test="file3 != null">
    	,file3 = #{file3,jdbcType=VARCHAR}
    </if>
    where transaction_status = 0 
    <if test="broker != null and broker != ''">
    	and broker = #{broker}  
    </if>
    limit 1
  </update>
	<update id="toSendTransaction" parameterType="java.lang.Integer">
		update dis_transaction set
		transaction_status = 2
		where id = #{id} and transaction_status = 1
	</update>
	<update id="toSendTransactionBybroker" parameterType="java.lang.String">
		update dis_transaction set
		transaction_status = 2
		where broker = #{broker} and transaction_status = 1
		limit 1
	</update>
	<update id="updateStatusById" >
		update dis_transaction set
		transaction_status = #{status}
		where id = #{id}
	</update>
	<select id="selectNeedSend" resultMap="BaseResultMap">
		select 
	    <include refid="Base_Column_List" />
	    from dis_transaction
	    where transaction_status = 2
	</select>
</mapper>