<?xml version="1.0" encoding="UTF-8"?>
<!DOCTYPE mapper PUBLIC "-//mybatis.org//DTD Mapper 3.0//EN" "http://mybatis.org/dtd/mybatis-3-mapper.dtd">
<mapper namespace="com.dtb.mapper.DemoUserMapper" >
	<select id="selectUserByMoblie" parameterType="java.lang.String" resultType="com.dtb.entity.User">
		select id,user_name userName,mobile,password password,balance from demo_user where mobile = #{mobile}
	</select>
	<update id="updateUser" parameterType="com.dtb.entity.User" >
		update  demo_user set id=id
		<if test="userName != null">
			,user_name = #{userName}
		</if>
		<if test="mobile != null">
			,mobile = #{mobile}
		</if>
		<if test="passWord != null">
			,password = #{passWord}
		</if>
		<if test="balance != null">
			,balance = #{balance}
		</if>
		where id=#{id}
	</update>
</mapper>