<?xml version="1.0" encoding="UTF-8"?>
<beans xmlns="http://www.springframework.org/schema/beans" xmlns:mvc="http://www.springframework.org/schema/mvc"
	xmlns:xsi="http://www.w3.org/2001/XMLSchema-instance" xmlns:p="http://www.springframework.org/schema/p" xmlns:context="http://www.springframework.org/schema/context"
	xmlns:task="http://www.springframework.org/schema/task"
	xsi:schemaLocation="http://www.springframework.org/schema/beans 
        http://www.springframework.org/schema/beans/spring-beans-4.1.xsd 
        http://www.springframework.org/schema/context 
        http://www.springframework.org/schema/context/spring-context-3.0.xsd 
        http://www.springframework.org/schema/mvc 
        http://www.springframework.org/schema/mvc/spring-mvc-4.1.xsd
        http://www.springframework.org/schema/task  
        http://www.springframework.org/schema/task/spring-task-3.0.xsd">
        
	<task:annotation-driven scheduler="qbScheduler" mode="proxy" />
	<task:scheduler id="qbScheduler" pool-size="10" />
	<!-- 自动扫描controller包下的所有类，如果@Controller注入为bean -->
	<context:component-scan base-package="com.dtb.member.controller" />
	<context:component-scan base-package="com.dtb.member.task" />
	<!-- 避免IE执行AJAX时,返回JSON出现下载文件 -->
	<bean id="mappingJacksonHttpMessageConverter" class="org.springframework.http.converter.json.MappingJackson2HttpMessageConverter">
		<property name="supportedMediaTypes">
			<list>
				<value>text/html;charset=UTF-8</value>
			</list>
		</property>
	</bean>
	

	<!-- 启动Spring MVC的注解功能，完成请求和注解POJO的映射 -->
	<bean class="org.springframework.web.servlet.mvc.annotation.AnnotationMethodHandlerAdapter">
		<property name="messageConverters">
			<list>
				<bean class="org.springframework.http.converter.ByteArrayHttpMessageConverter" />
				<!-- json转换器 -->
				<ref bean="mappingJacksonHttpMessageConverter" />
			</list>
		</property>
	</bean>

	<!-- ===================================================== -->
	<!-- ViewResolver For FreeMarker -->
	<!-- ===================================================== -->
	<bean id="freemarkerResolver" class="org.springframework.web.servlet.view.freemarker.FreeMarkerViewResolver">
		<property name="order" value="1" />
		<property name="suffix" value=".html" />
		<property name="requestContextAttribute" value="request" />
		<property name="contentType" value="text/html;charset=utf-8" />
		<property name="viewClass">
			<value>org.springframework.web.servlet.view.freemarker.FreeMarkerView</value>
		</property>
	</bean>
	<!-- ===================================================== -->
	<!-- ViewResolver For FreeMarkerConfigurer -->
	<!-- ===================================================== -->
	<bean id="freemarkerConfig" class="org.springframework.web.servlet.view.freemarker.FreeMarkerConfigurer">
		<property name="templateLoaderPath">
			<value>/WEB-INF/views/</value>
		</property>
		<property name="freemarkerSettings"><!-- 设置FreeMarker环境属性 -->
			<props>
				<prop key="template_update_delay">5</prop><!--刷新模板的周期，单位为秒 -->
				<prop key="default_encoding">UTF-8</prop><!--模板的编码格式 -->
				<prop key="locale">UTF-8</prop><!-- 本地化设置 -->
				<prop key="datetime_format">yyyy-MM-dd HH:mm:ss</prop>
				<prop key="time_format">HH:mm:ss</prop>
				<prop key="number_format">0.####</prop>
				<prop key="boolean_format">true,false</prop>
				<prop key="whitespace_stripping">true</prop>
				<prop key="tag_syntax">auto_detect</prop>
				<prop key="url_escaping_charset">UTF-8</prop>
			</props>
		</property>
	</bean>

	<!-- 配置多文件上传 -->
	<bean id="multipartResolver" class="org.springframework.web.multipart.commons.CommonsMultipartResolver">
		<property name="defaultEncoding">
			<value>UTF-8</value>
		</property>
		<property name="maxUploadSize">
			<!-- 上传文件大小限制为31M，31*1024*1024 -->
			<value>10485760</value>
		</property>
		<property name="maxInMemorySize">
			<value>10240</value>
		</property>
	</bean>
    <mvc:interceptors>
        <mvc:interceptor>
            <mvc:mapping path="/*/NL/**" />
            <bean id="loginInterceptor" class="com.dtb.member.interceptor.LoginInterceptor" />
        </mvc:interceptor>
        <mvc:interceptor>
            <mvc:mapping path="/*/NL/**" />
            <bean id="sessionInterceptor" class="com.dtb.member.interceptor.SessionInterceptor" />
        </mvc:interceptor>
    </mvc:interceptors>
</beans>